{
    "projectsImage": [
        {
            "imgName": "projimg_name",
            "imgURL": "images/clouds.jpg", 
            "imgWidth": "500",
            "imgHeight": "200"
        }
    ],
    "menuItem": [
        {
            "menuName": "Lab 2",
            "menuDesc": "Resume",
            "menuURL": "projects/lab2_description.html"
        },
        {
            "menuName": "Lab 4",
            "menuDesc": "XML(RSS) & XML(Atom)",
            "menuURL": "projects/lab4_description.html"
        },
        {
            "menuName": "Lab 5",
            "menuDesc": "Javascript",
            "menuURL": "projects/lab5_description.html"
        },
        {
            "menuName": "Lab 6",
            "menuDesc": "jQuery",
            "menuURL": "projects/lab6_description.html"
        }
    ],
    "description2": [
        {
            "imgName": "lab2", 
            "imgURL": "desc_img/clouds_l2.jpg", 
            "imgWidth": "500",
            "imgHeight": "200"
        }
    ],

    "description4": [
        {
            "imgName": "lab4", 
            "imgURL": "desc_img/clouds_l3.jpg", 
            "imgWidth": "500",
            "imgHeight": "200"
        }
    ],

    "description5": [
        {
            "imgName": "lab5", 
            "imgURL": "desc_img/clouds_l4.jpeg", 
            "imgWidth": "500",
            "imgHeight": "200"
        }
    ], 

    "description6": [
        {
            "imgName": "lab6", 
            "imgURL": "desc_img/clouds_l5.jpg", 
            "imgWidth": "500",
            "imgHeight": "200"
        }
    ]

}